control,source_frame,start_time,end_time,substeps,clipped_joint_count,target_rmse_vs_expert,hip_roll_target,hip_roll_expert_target,hip_roll_raw,hip_roll_start_q,hip_roll_end_q,hip_roll_end_dq,interval_max_speed_ratio,interval_max_speed_joint,inference_ms
250,261,4.999999999999671,5.019999999999669,10,0,0.09865137754356729,-0.2660040355595026,-0.3350622004837994,-0.2660040355595026,0.018774582767734183,0.018047621395612966,-0.11788938247324096,0.13616674568366802,right_knee_joint,0.960700000007364
251,262,5.019999999999669,5.039999999999667,10,0,0.11455970556599741,-0.09715745891128513,0.10832241850330719,-0.09715745891128513,0.018047621395612966,0.01599243961801286,-0.20977978956773843,0.15124471676894416,right_knee_joint,0.5972000000014077
252,263,5.039999999999667,5.059999999999665,10,0,0.13502151754976602,0.0891075231827334,-0.13428965125094144,0.0891075231827334,0.01599243961801286,0.015108760969480304,0.0142973630989404,0.14791042355039893,left_knee_joint,0.47269999998889034
253,264,5.059999999999665,5.079999999999663,10,0,0.11701567604475248,0.3401900525497332,0.19788792847011297,0.3401900525497332,0.015108760969480304,0.02277797440367589,0.49905547931139066,0.11699109685992806,right_knee_joint,0.41439899999318186
254,265,5.079999999999663,5.09999999999966,10,0,0.12912385979941682,0.19575083125166692,0.047563575921223754,0.19575083125166692,0.02277797440367589,0.027298730561791947,0.1914098158803882,0.11949860871833871,right_ankle_pitch_joint,0.6142000000011194
255,266,5.09999999999966,5.119999999999658,10,0,0.11535869341737605,0.17016823806785908,0.009203524127741683,0.17016823806785908,0.027298730561791947,0.028891622819472645,0.04173236863907356,0.07993601634690677,right_knee_joint,0.5235999999939622
256,267,5.119999999999658,5.139999999999656,10,0,0.11216727338829537,0.21079191453874557,0.011803815769629076,0.21079191453874557,0.028891622819472645,0.02906858013319821,-0.009017785925212856,0.059310671147975516,right_knee_joint,0.411700000000792
257,268,5.139999999999656,5.159999999999654,10,0,0.11405618729986533,0.22607786071428748,0.002417069805241027,0.22607786071428748,0.02906858013319821,0.028277796818452643,-0.048895679296937784,0.0440953624589525,right_knee_joint,0.40309999999976753
258,269,5.159999999999654,5.1799999999996515,10,0,0.1116891756117388,0.21002295664264903,-0.09158908867168501,0.21002295664264903,0.028277796818452643,0.02666255162181691,-0.09142208546880323,0.03769588953050299,right_knee_joint,0.4017000000118287
259,270,5.1799999999996515,5.199999999999649,10,0,0.07530130346102712,0.14819854933919796,-0.06496400086824246,0.14819854933919796,0.02666255162181691,0.024508469738606455,-0.11529721373739243,0.039792915937601356,right_knee_joint,0.45559999999511547
260,271,5.199999999999649,5.219999999999647,10,0,0.07628531697711483,0.07172684196632328,-0.0276312085817373,0.07172684196632328,0.024508469738606455,0.022474502616210344,-0.10026370251662221,0.04129115756318751,right_knee_joint,0.39940000000626696
261,272,5.219999999999647,5.239999999999645,10,0,0.11842262288605236,0.042002632945576934,-0.30663424389162713,0.042002632945576934,0.022474502616210344,0.021069029737712467,-0.06515010363683535,0.03987448683931176,right_knee_joint,0.6539999999972679
262,273,5.239999999999645,5.259999999999643,10,0,0.13328068941910082,0.035833258504681,0.009766928542180527,0.035833258504681,0.021069029737712467,0.02044030761730961,-0.023256688076084404,0.03664903043822677,left_knee_joint,0.4658000000006268
263,274,5.259999999999643,5.2799999999996405,10,0,0.11495987109045422,0.030819303998237402,-0.08928528628045211,0.030819303998237402,0.02044030761730961,0.01981081854920863,-0.042250628131083955,0.0336709678508407,right_knee_joint,0.41830000000686596
264,275,5.2799999999996405,5.299999999999638,10,0,0.10597526111527886,0.032099574096903005,0.004367099009386412,0.032099574096903005,0.01981081854920863,0.01909926267238007,-0.040100754995343525,0.03172795602233639,right_knee_joint,0.4116000000067288
265,276,5.299999999999638,5.319999999999636,10,0,0.08826795927856323,0.03556938395700726,-0.003468871870776771,0.03556938395700726,0.01909926267238007,0.019242822281127194,0.0281934193231785,0.027753652021648915,right_knee_joint,0.4004000000037422
266,277,5.319999999999636,5.339999999999634,10,0,0.0951213876213927,0.03680016132314545,0.0701993504677738,0.03680016132314545,0.019242822281127194,0.022676042004850374,0.22795293835790303,0.020700884365271087,right_knee_joint,0.4119999999971924
267,278,5.339999999999634,5.359999999999632,10,0,0.16183049437421304,0.026962472933329984,-0.04081549309922555,0.026962472933329984,0.022676042004850374,0.028310816270970773,0.2996449174736367,0.05468985628097281,right_ankle_pitch_joint,0.3957000000127664
268,279,5.359999999999632,5.3799999999996295,10,0,0.2050376305748018,0.07263507782136225,0.00011514156236314786,0.07263507782136225,0.028310816270970773,0.03690104320608791,0.4684766621473022,0.11283242592676034,right_ankle_pitch_joint,0.5333999999947991
269,280,5.3799999999996295,5.399999999999627,10,0,0.2702229808785815,0.13672395969213458,0.05068918703171792,0.13672395969213458,0.03690104320608791,0.0490307666472518,0.636806937967618,0.20597847662804175,right_ankle_pitch_joint,0.548899999998298
270,281,5.399999999999627,5.419999999999625,10,1,0.18173510455842903,0.1315742577776895,0.09412800224072833,0.1315742577776895,0.0490307666472518,0.05850100194200976,0.3868051263318756,0.22272702642071138,right_ankle_pitch_joint,0.4674999999991769
271,282,5.419999999999625,5.439999999999623,10,1,0.1871865084166927,0.3197990467484395,0.0923503375897299,0.3197990467484395,0.05850100194200976,0.07096225408622074,0.6952077383594198,0.18343168314004926,right_ankle_pitch_joint,0.4010999999906062
272,283,5.439999999999623,5.459999999999621,10,1,0.42362997544014963,0.4247667605423544,-0.2724131361925393,0.4247667605423544,0.07096225408622074,0.09710353418605867,1.4522810528381545,0.12771276707099324,right_ankle_pitch_joint,0.3972999999888316
273,284,5.459999999999621,5.4799999999996185,10,1,0.38866667186908493,0.2244993728449831,-0.35153225610771066,0.2244993728449831,0.09710353418605867,0.10925659599720529,0.24480359095065196,0.09122570791496858,right_ankle_pitch_joint,0.3966000000019676
274,285,5.4799999999996185,5.499999999999616,10,1,0.33794919875590584,0.12583056504969026,-0.32753184811449626,0.12583056504969026,0.10925659599720529,0.10569864302353046,-0.3435781307530134,0.05532051064769234,right_ankle_pitch_joint,0.4026999999950931
275,286,5.499999999999616,5.519999999999614,10,1,0.3988575845766946,0.3144502685748609,-0.3710374990504499,0.3144502685748609,0.10569864302353046,0.11016369081605358,0.43729610794718965,0.07442888078113488,right_ankle_pitch_joint,0.4138999999980797
276,287,5.519999999999614,5.539999999999612,10,2,0.41934495509794784,0.2302226624995889,-0.5160574165088719,0.2302226624995889,0.11016369081605358,0.11638202052624645,0.26817525326185515,0.06346898672129989,right_ankle_pitch_joint,0.5308000000070479
277,288,5.539999999999612,5.55999999999961,10,1,0.24340666143680167,0.23095374011984404,-0.10508929740145583,0.23095374011984404,0.11638202052624645,0.11971466362257843,0.15532657292231195,0.049556874268318674,left_hip_yaw_joint,0.47419999999931406
278,289,5.55999999999961,5.5799999999996075,10,2,0.25291897053015516,0.10247840229926863,-0.3358816051184479,0.10247840229926863,0.11971466362257843,0.12083457433802061,0.047558991703076835,0.045173054736484405,right_knee_joint,0.431399999996529
279,290,5.5799999999996075,5.599999999999605,10,2,0.25162051513514916,0.10716078410629448,0.10642177056802185,0.10716078410629448,0.12083457433802061,0.12141089446770006,0.03801246196041746,0.04866873399677003,right_knee_joint,0.4037000000067792
280,291,5.599999999999605,5.619999999999603,10,2,0.20981413601951215,0.00038413434547024394,-0.05142138706964648,0.00038413434547024394,0.12141089446770006,0.11604603883435176,-0.33228371676374013,0.04913113877417626,right_hip_yaw_joint,0.39869999999098127
281,292,5.619999999999603,5.639999999999601,10,2,0.30282635809519254,-0.05415051101075363,-0.3636895287325228,-0.05415051101075363,0.11604603883435176,0.10889033081975853,-0.32633603625045166,0.04810114932237417,right_hip_yaw_joint,0.400999999996543
282,293,5.639999999999601,5.659999999999599,10,2,0.47538170291141985,0.0009907779253799376,-0.7502478667715475,0.0009907779253799376,0.10889033081975853,0.10826772348537266,0.07812468956241715,0.06417443821031263,left_knee_joint,0.4768000000012762
283,294,5.659999999999599,5.6799999999995965,10,2,0.5355768607107566,0.15792138754149843,-0.3258052682212504,0.15792138754149843,0.10826772348537266,0.11662072080031782,0.5066372160277943,0.08002789386326972,left_knee_joint,0.6422999999955437
284,295,5.6799999999995965,5.699999999999594,10,2,0.2819624004185014,0.08237129700678691,0.46602976462473705,0.08237129700678691,0.11662072080031782,0.1194668936613961,-0.009789806482263994,0.10347742035615919,right_knee_joint,0.4349999999959664
285,296,5.699999999999594,5.719999999999592,10,3,0.2804545516020561,-0.04171250358261869,-0.1596349266132482,-0.04171250358261869,0.1194668936613961,0.11295432789562783,-0.4304662165739207,0.10259100616021762,right_knee_joint,0.42799999999942884
286,297,5.719999999999592,5.73999999999959,10,3,0.27039885609587455,0.08519727221629614,0.0359659661539298,0.08519727221629614,0.11295432789562783,0.1076471303748208,-0.1964314786608995,0.0914165596497328,right_knee_joint,0.4031999999938307
287,298,5.73999999999959,5.759999999999588,10,3,0.3967173481896654,0.26662868950056584,0.3040195471465201,0.26662868950056584,0.1076471303748208,0.10448336224178677,-0.16871661826265347,0.1034753119362132,right_ankle_roll_joint,0.42339999998830535
288,299,5.759999999999588,5.7799999999995855,10,3,0.5728764061052174,-0.02400172560613445,-0.45742421532857885,-0.02400172560613445,0.10448336224178677,0.08688678425050354,-1.0757254527871694,0.1302976598620891,right_ankle_roll_joint,0.4219989999967311
289,300,5.7799999999995855,5.799999999999583,10,4,0.4657379123566755,-0.9301376505578176,-0.4139713491952096,-0.9301376505578176,0.08688678425050354,0.0524643830087516,-2.0096928818278785,0.10048464409139393,right_hip_roll_joint,0.4234000000025162
290,301,5.799999999999583,5.819999999999581,10,1,0.42591118268680883,0.14718238785788174,-0.35240315699287406,0.14718238785788174,0.0524643830087516,0.04410851665866738,0.27899815391585736,0.09594065845385863,left_ankle_pitch_joint,0.5491000000006352
291,302,5.819999999999581,5.839999999999579,10,3,0.7053186147131008,0.04130866837278191,-0.6746014572067257,0.04130866837278191,0.04410851665866738,0.045187009560391185,-0.08014984094518224,0.15630727884727097,right_knee_joint,0.4477000000093767
292,303,5.839999999999579,5.859999999999577,10,4,0.6103943711728391,0.5236,-0.7647116222202219,0.8904565986784831,0.045187009560391185,0.05812805658700528,0.8679643241442888,0.20245279987067302,right_knee_joint,0.40359999999850515
293,304,5.859999999999577,5.8799999999995745,10,3,0.47794803482092935,0.5191016252505563,-0.036236549185260314,0.5191016252505563,0.05812805658700528,0.0864683795323793,1.623511821938419,0.1607404635110643,right_knee_joint,0.39959999999439333
294,305,5.8799999999995745,5.899999999999572,10,3,0.5906726478620541,-1.0306199131651468,0.5218710694519194,-1.0306199131651468,0.0864683795323793,0.06942536004977955,-1.7093719562892244,0.15234940968130917,left_hip_roll_joint,0.68710000000749
295,306,5.899999999999572,5.91999999999957,10,4,0.4239653251690141,0.5236,0.28094418478966293,1.502699749415335,0.06942536004977955,0.05668621687550496,-0.04117452854771288,0.1009352596683736,left_hip_roll_joint,0.4102999999986423
296,307,5.91999999999957,5.939999999999568,10,5,0.4464049710635478,0.5236,0.2386008963823342,0.586922117411703,0.05668621687550496,0.07605792955795435,1.2491697857498099,0.08716589041351236,right_knee_joint,0.48569999999870106
297,308,5.939999999999568,5.959999999999566,10,4,0.48025169703809656,0.3476234812623211,-0.3575682165045842,0.3476234812623211,0.07605792955795435,0.0893444501095029,0.4667208852804934,0.07376859340461824,right_knee_joint,0.43140000001073986
298,309,5.959999999999566,5.979999999999563,10,3,0.5687911596249909,0.4176879994038476,-0.7522287439628403,0.4176879994038476,0.0893444501095029,0.10587811494125363,0.9358562092278441,0.06524398941545294,right_wrist_roll_joint,0.408798999998794
299,310,5.979999999999563,5.999999999999561,10,3,0.5328493017838573,-0.1661085336135244,-0.47477711124665806,-0.1661085336135244,0.10587811494125363,0.10790573368802704,-0.2749345108154036,0.13741926359205867,right_knee_joint,0.4196000000007416
300,311,5.999999999999561,6.019999999999559,10,3,0.4961416205083602,-0.7794998741326253,-0.641965355565907,-0.7794998741326253,0.10790573368802704,0.09784743548639804,-0.5872874156660314,0.11215703107976804,right_knee_joint,0.41370000000995333
301,312,6.019999999999559,6.039999999999557,10,2,0.6656133883261005,0.22347048057408614,-0.9417828714739,0.22347048057408614,0.09784743548639804,0.10989165721701918,1.0614605796618317,0.10980968700336433,right_hip_yaw_joint,0.41070000000331675
302,313,6.039999999999557,6.059999999999555,10,3,0.4735128016441127,-0.6007896533683379,0.1715755027014644,-0.6007896533683379,0.10989165721701918,0.08495000399382384,-1.6836056376370274,0.10000118810676294,right_hip_yaw_joint,0.6535000000127411
303,314,6.059999999999555,6.079999999999552,10,4,0.40927263690135807,0.5236,0.5236,1.0369330323946286,0.08495000399382384,0.08815000809544549,0.8901194585108274,0.08470229913439206,left_ankle_pitch_joint,0.5449989999988247
304,315,6.079999999999552,6.09999999999955,10,4,0.47862138184128017,0.4667195366470196,-0.3053966719275827,0.4667195366470196,0.08815000809544549,0.09596712453002296,0.27183726136095865,0.08337418354843182,left_hip_roll_joint,0.41040000000691634
305,316,6.09999999999955,6.119999999999548,10,3,0.44908029385937376,-0.1947617308256291,0.26835370926246166,-0.1947617308256291,0.09596712453002296,0.09140416648793542,-0.4934865764393392,0.07541384838863271,right_knee_joint,0.42620000000681557
306,317,6.119999999999548,6.139999999999546,10,2,0.4071849185222039,4.620275319755507e-05,0.1654138402596979,4.620275319755507e-05,0.09140416648793542,0.10210233006262535,0.8265033736057897,0.11305346086794485,right_hip_yaw_joint,0.44359999999699085
307,318,6.139999999999546,6.159999999999544,10,3,0.4384567881743432,-0.5290808997863934,0.028992214622808477,-0.5290808997863934,0.10210233006262535,0.08478205367454854,-1.266027564060613,0.10672121671913272,left_ankle_pitch_joint,0.4370999999991909
308,319,6.159999999999544,6.179999999999541,10,4,0.5632474892050005,0.5236,-0.7066608497968814,0.5562539964161886,0.08478205367454854,0.09939676527295212,1.5813536175494245,0.12478145813071208,left_ankle_pitch_joint,0.5831999999941218
309,320,6.179999999999541,6.199999999999539,10,3,0.42606359312572467,-0.1468551324435925,0.3796864176988688,-0.1468551324435925,0.09939676527295212,0.08608953391038385,-1.304248191460853,0.15392076927207868,right_hip_yaw_joint,0.4417999999901667
310,321,6.199999999999539,6.219999999999537,10,2,0.38382681043985256,-0.3421286436111419,0.05395183176158032,-0.3421286436111419,0.08608953391038385,0.09021105625692077,0.6202807764171941,0.08740541263202357,left_knee_joint,0.415100000012103
311,322,6.219999999999537,6.239999999999535,10,2,0.4184359693928901,0.20829296067384995,0.07434116328290401,0.20829296067384995,0.09021105625692077,0.10897973490654558,1.040482446385042,0.07699998150984386,left_hip_roll_joint,0.40680000000747896
312,323,6.239999999999535,6.259999999999533,10,3,0.5004885773043971,-0.9213548361728954,0.11215962353924441,-0.9213548361728954,0.10897973490654558,0.0863340575342499,-1.8407481373782415,0.196499036749548,left_hip_roll_joint,0.40359999999850515
313,324,6.259999999999533,6.27999999999953,10,2,0.6762029273944034,0.14298265772202967,-0.04003865582233015,0.14298265772202967,0.0863340575342499,0.08971288431671637,0.8388952509641115,0.21467679028811598,left_knee_joint,0.43370000000209075
314,325,6.27999999999953,6.299999999999528,10,2,0.4897044634547975,-1.066771402397734,-1.3357965360713033,-1.066771402397734,0.08971288431671637,0.05313516493777166,-2.687578755932844,0.234646045693966,left_hip_roll_joint,0.6422999999955437
315,326,6.299999999999528,6.315999999999526,8,3,0.7508943421618216,0.39601585224454006,-1.125687816143738,0.39601585224454006,0.05313516493777166,0.03870997349635353,-0.08215057875589762,0.18564631324357833,left_hip_roll_joint,0.4425000000054524
